"year","id","province","prov_en","region","period","PC1","PC2","PC3","PC4"
2013,340000,"安徽省","Anhui","Central","Early(2013-2017)",-1.43449920915284,1.64982807992575,-2.34916007155221,-0.184405992353021
2014,340000,"安徽省","Anhui","Central","Early(2013-2017)",-0.669544130406971,0.85531108415825,-1.96215558752323,0.183078412038992
2015,340000,"安徽省","Anhui","Central","Early(2013-2017)",0.212601051022956,0.337293331958178,-1.48803262648539,0.591771729865985
2016,340000,"安徽省","Anhui","Central","Early(2013-2017)",0.733794149689531,0.160953885420018,-1.40183976066889,0.861802422082681
2017,340000,"安徽省","Anhui","Central","Early(2013-2017)",1.24560325228953,0.139581887509938,-0.884168258704293,0.791123071543775
2018,340000,"安徽省","Anhui","Central","Late(2018-2022)",1.84370243335063,-0.0247706474045667,-0.450351696907697,0.239372513178109
2019,340000,"安徽省","Anhui","Central","Late(2018-2022)",2.39334361912135,-0.425835187126634,-0.0538074117084344,0.180585165409774
2020,340000,"安徽省","Anhui","Central","Late(2018-2022)",2.80262146331085,-0.490840184816566,0.263754765255984,-0.129767922895939
2021,340000,"安徽省","Anhui","Central","Late(2018-2022)",2.70718467957798,-0.545639771450944,0.464969244283616,0.11556329032341
2022,340000,"安徽省","Anhui","Central","Late(2018-2022)",2.92682667399371,-0.446449067403771,1.14348990335231,-0.443197288833799
2013,110000,"北京市","Beijing","East","Early(2013-2017)",1.65464871952707,-3.22117523253893,-2.74564757724212,-0.431036786592686
2014,110000,"北京市","Beijing","East","Early(2013-2017)",2.17924364540009,-3.86327672336217,-2.45242784068998,-0.118429659234925
2015,110000,"北京市","Beijing","East","Early(2013-2017)",2.85327700600184,-4.58968794114927,-2.2451608595294,0.291902454046766
2016,110000,"北京市","Beijing","East","Early(2013-2017)",3.1428101527091,-4.8441169125256,-2.18618452127091,0.533718387633296
2017,110000,"北京市","Beijing","East","Early(2013-2017)",3.59464657050721,-5.20767259547999,-1.89058751830642,0.558630298436671
2018,110000,"北京市","Beijing","East","Late(2018-2022)",3.81246180130555,-5.66032656224044,-1.59245313435831,0.384626753346264
2019,110000,"北京市","Beijing","East","Late(2018-2022)",4.13631336616491,-5.93393504267048,-1.00144965795375,-0.011043582335604
2020,110000,"北京市","Beijing","East","Late(2018-2022)",4.32114796503253,-6.24400411071001,-0.778735458098523,-0.0149680138849927
2021,110000,"北京市","Beijing","East","Late(2018-2022)",4.32966945180445,-6.61866135133135,-0.719004391347664,0.228913791987611
2022,110000,"北京市","Beijing","East","Late(2018-2022)",4.53275107522887,-6.81467065934272,-0.411230999413553,0.023381343629291
2013,350000,"福建省","Fujian","East","Early(2013-2017)",-0.313131036042331,1.43121149078761,-2.59924520676873,-0.709237231516953
2014,350000,"福建省","Fujian","East","Early(2013-2017)",-0.00693557334756379,1.00433287376444,-2.01769358972364,-0.545188220955055
2015,350000,"福建省","Fujian","East","Early(2013-2017)",0.803140922436568,0.439224853322519,-1.55678207375493,-0.556192307506351
2016,350000,"福建省","Fujian","East","Early(2013-2017)",1.25333965423077,0.0862815112790346,-1.2952315021499,-0.521867012649238
2017,350000,"福建省","Fujian","East","Early(2013-2017)",1.78833241582416,-0.100102163975511,-0.901728694989607,-0.82658638866271
2018,350000,"福建省","Fujian","East","Late(2018-2022)",2.18920180319078,-0.149883279779682,-0.577498806247467,-1.26565315599732
2019,350000,"福建省","Fujian","East","Late(2018-2022)",2.39160931647353,-0.279101224430321,0.0399399493116335,-1.5697684938081
2020,350000,"福建省","Fujian","East","Late(2018-2022)",2.49385264654835,-0.589355626359683,0.508734963900413,-1.55546126586292
2021,350000,"福建省","Fujian","East","Late(2018-2022)",2.44703903013169,-0.845308135995172,0.598841875072107,-1.29180212455019
2022,350000,"福建省","Fujian","East","Late(2018-2022)",2.61483570474713,-0.721382928703579,1.08053043363958,-1.69187431474947
2013,620000,"甘肃省","Gansu","West","Early(2013-2017)",-4.71768311672195,2.08965657284835,-1.03454572220892,-0.13608426125654
2014,620000,"甘肃省","Gansu","West","Early(2013-2017)",-4.32300247041533,1.66477264408784,-1.01122829665746,0.0794433516371914
2015,620000,"甘肃省","Gansu","West","Early(2013-2017)",-3.77143993648989,0.973145612808865,-0.61104256619524,0.195530532624331
2016,620000,"甘肃省","Gansu","West","Early(2013-2017)",-3.55731262480632,0.538184195890051,-0.410687585742178,0.587769065293693
2017,620000,"甘肃省","Gansu","West","Early(2013-2017)",-3.24721405495211,0.676473622988977,0.095756973127539,0.0416658561764428
2018,620000,"甘肃省","Gansu","West","Late(2018-2022)",-2.70713025626793,0.406826418772233,0.45319353723375,-0.329627856624736
2019,620000,"甘肃省","Gansu","West","Late(2018-2022)",-2.29945194280585,0.0311501677546233,0.980226798997812,-0.697362696800225
2020,620000,"甘肃省","Gansu","West","Late(2018-2022)",-2.01078510511863,-0.13792357338159,1.23351528280344,-0.753994936437168
2021,620000,"甘肃省","Gansu","West","Late(2018-2022)",-2.32357894913307,-0.330145969517723,1.25672770975191,-0.253570096073559
2022,620000,"甘肃省","Gansu","West","Late(2018-2022)",-2.27701113899268,-0.132435811704697,1.73965577641745,-0.815055199208077
2013,440000,"广东省","Guangdong","East","Early(2013-2017)",4.8980672938785,1.81645310572021,-1.37840837666069,1.51582638638266
2014,440000,"广东省","Guangdong","East","Early(2013-2017)",5.63693387246592,1.75631067016015,-1.22608985154292,2.03791229035641
2015,440000,"广东省","Guangdong","East","Early(2013-2017)",6.21067372233,1.28431040173283,-0.490907582112141,2.08697642864692
2016,440000,"广东省","Guangdong","East","Early(2013-2017)",7.03892758534797,1.25108959085574,-0.107992988439848,2.45415943539394
2017,440000,"广东省","Guangdong","East","Early(2013-2017)",7.78633541620255,1.26446220123852,0.43403184517937,2.1877704556425
2018,440000,"广东省","Guangdong","East","Late(2018-2022)",8.72734710875193,1.23916982789654,1.18790066191199,2.03086941529118
2019,440000,"广东省","Guangdong","East","Late(2018-2022)",9.24420281903641,1.04066017569164,1.77785853735072,2.02741441401121
2020,440000,"广东省","Guangdong","East","Late(2018-2022)",9.49454426162246,0.744050347849266,2.17091793737148,1.80700461665521
2021,440000,"广东省","Guangdong","East","Late(2018-2022)",9.6474864997282,0.685443356952272,2.45449334216021,2.2096768447003
2022,440000,"广东省","Guangdong","East","Late(2018-2022)",9.9891026955949,0.722403336429863,3.1912484541259,1.98055802636485
2013,450000,"广西壮族自治区","Guangxi","West","Early(2013-2017)",-3.0875605455,1.94318946853201,-0.995261026343155,-0.388969456613146
2014,450000,"广西壮族自治区","Guangxi","West","Early(2013-2017)",-2.49828257610346,1.54581365980406,-0.475376853111029,-0.60088909222167
2015,450000,"广西壮族自治区","Guangxi","West","Early(2013-2017)",-2.02621359211643,1.40531016482509,0.991295950258589,-1.95188828071216
2016,450000,"广西壮族自治区","Guangxi","West","Early(2013-2017)",-1.61616313429198,0.977448890694351,1.32232743703906,-1.70216117298926
2017,450000,"广西壮族自治区","Guangxi","West","Early(2013-2017)",-1.24806207211265,1.1373276373457,1.33383992847327,-1.56955656111921
2018,450000,"广西壮族自治区","Guangxi","West","Late(2018-2022)",-0.581088524436349,0.789264213394292,1.54493751619249,-1.4378807418024
2019,450000,"广西壮族自治区","Guangxi","West","Late(2018-2022)",0.149716425748808,0.624185996136198,1.78355616333689,-1.53180357095618
2020,450000,"广西壮族自治区","Guangxi","West","Late(2018-2022)",0.785574459052569,0.269424822067852,1.9181814785592,-1.30435103482845
2021,450000,"广西壮族自治区","Guangxi","West","Late(2018-2022)",0.724937242056438,0.226269513103587,1.91180508241534,-0.850967481325241
2022,450000,"广西壮族自治区","Guangxi","West","Late(2018-2022)",0.964782498005583,0.371920047610582,2.19045808558238,-1.04418860645525
2013,520000,"贵州省","Guizhou","West","Early(2013-2017)",-4.09786192824174,1.75719123286936,-0.608779363462951,-0.415692252831941
2014,520000,"贵州省","Guizhou","West","Early(2013-2017)",-3.59245759120393,1.27718038464855,-0.458886307405701,-0.111411091269573
2015,520000,"贵州省","Guizhou","West","Early(2013-2017)",-2.99864418252555,0.754549077772412,0.134589706958973,-0.308144542241209
2016,520000,"贵州省","Guizhou","West","Early(2013-2017)",-2.4412277104517,0.18564597522744,0.272931452976223,0.195608445990576
2017,520000,"贵州省","Guizhou","West","Early(2013-2017)",-1.78848576184969,0.307892570307439,0.52753189461607,-0.0745910409000692
2018,520000,"贵州省","Guizhou","West","Late(2018-2022)",-1.17520243531684,0.376423639143984,0.718008878093442,-0.439620587314513
2019,520000,"贵州省","Guizhou","West","Late(2018-2022)",-0.544793918933782,0.195476425812321,0.979797238722697,-0.691313999922018
2020,520000,"贵州省","Guizhou","West","Late(2018-2022)",-0.081409099774931,-0.0377914373021219,1.1507627426873,-0.697537273284775
2021,520000,"贵州省","Guizhou","West","Late(2018-2022)",-0.140382286090634,-0.320600419370859,1.07488764444723,-0.24940035531545
2022,520000,"贵州省","Guizhou","West","Late(2018-2022)",0.0638643322164346,-0.197144990605445,1.64195003276087,-0.894023503761357
2013,460000,"海南省","Hainan","East","Early(2013-2017)",-5.63700302122506,-0.592510500220213,-1.59494426714087,1.37404439337593
2014,460000,"海南省","Hainan","East","Early(2013-2017)",-4.96976364919418,-1.6255023914725,-1.65559613812117,1.83711595355487
2015,460000,"海南省","Hainan","East","Early(2013-2017)",-4.29345033888277,-2.36306073992096,-1.20238650855734,1.69485081848336
2016,460000,"海南省","Hainan","East","Early(2013-2017)",-4.32540806948967,-2.77533913986997,-1.06249635901245,2.04442401996939
2017,460000,"海南省","Hainan","East","Early(2013-2017)",-3.80918670639985,-2.80557058867329,-0.9328217352142,1.54139668188863
2018,460000,"海南省","Hainan","East","Late(2018-2022)",-3.38474812778506,-2.78474677174861,-0.503636675133086,0.615703166984116
2019,460000,"海南省","Hainan","East","Late(2018-2022)",-2.94613479819382,-2.76796884602809,0.0222257208929335,-0.071837591087521
2020,460000,"海南省","Hainan","East","Late(2018-2022)",-2.77734873178022,-2.85301540898854,0.541349586916615,-0.553192284762672
2021,460000,"海南省","Hainan","East","Late(2018-2022)",-2.95476126232567,-3.07901300062981,0.587276014180564,-0.371051808630569
2022,460000,"海南省","Hainan","East","Late(2018-2022)",-2.80490499363099,-3.00995691621172,0.937798507013027,-0.921727512705104
2013,130000,"河北省","Hebei","East","Early(2013-2017)",-0.957774684359235,2.56656354758031,-1.64797517631257,-0.251566594259474
2014,130000,"河北省","Hebei","East","Early(2013-2017)",-0.42029785820522,2.2030114711044,-1.6210874847769,0.15346039679984
2015,130000,"河北省","Hebei","East","Early(2013-2017)",0.347945024799341,1.72822400190412,-1.18850706151643,0.416777266766762
2016,130000,"河北省","Hebei","East","Early(2013-2017)",0.956751877676925,1.52157698052236,-0.762489051941576,0.697886317745399
2017,130000,"河北省","Hebei","East","Early(2013-2017)",1.3676499274521,1.37645659807841,-0.258717164969474,0.529358897461726
2018,130000,"河北省","Hebei","East","Late(2018-2022)",1.78312660235093,1.03234780284345,0.0829462381481618,0.297727543733786
2019,130000,"河北省","Hebei","East","Late(2018-2022)",2.41704439778567,0.751925996006118,0.475338217708715,0.18522143279905
2020,130000,"河北省","Hebei","East","Late(2018-2022)",2.8603676101128,0.607955660637342,1.00779847013206,-0.0559081458345874
2021,130000,"河北省","Hebei","East","Late(2018-2022)",2.8644193994609,0.333841870785546,1.07871932991894,0.35045740071835
2022,130000,"河北省","Hebei","East","Late(2018-2022)",3.08145844365706,0.564013495539987,1.57927464410348,-0.0718180731862819
2013,410000,"河南省","Henan","Central","Early(2013-2017)",-0.747536257710425,4.09529030976103,-2.31431942608889,-0.892188303197705
2014,410000,"河南省","Henan","Central","Early(2013-2017)",0.167104972844737,3.53873440671932,-1.97140378622316,-0.741600277105825
2015,410000,"河南省","Henan","Central","Early(2013-2017)",1.13052544122342,3.19822012934163,-1.32040022806102,-0.592652307408634
2016,410000,"河南省","Henan","Central","Early(2013-2017)",1.88153875434591,2.92483975389482,-0.775462177764356,-0.338801146942074
2017,410000,"河南省","Henan","Central","Early(2013-2017)",2.57898947296458,2.71525409338949,-0.333529914783914,-0.241722359730548
2018,410000,"河南省","Henan","Central","Late(2018-2022)",3.21495979791605,2.09232157928006,0.100375620002573,-0.259175207984352
2019,410000,"河南省","Henan","Central","Late(2018-2022)",3.70667271688817,1.7816630234958,0.679055249347452,-0.345949747818643
2020,410000,"河南省","Henan","Central","Late(2018-2022)",4.16405575761821,1.53335181824456,1.19749447077088,-0.399578099258189
2021,410000,"河南省","Henan","Central","Late(2018-2022)",4.02991886291782,1.48422767848634,1.60839527952325,-0.149279448298519
2022,410000,"河南省","Henan","Central","Late(2018-2022)",4.3430863025648,1.67281896515228,2.05654636013965,-0.304038095604186
2013,230000,"黑龙江省","Heilongjiang","Northeast","Early(2013-2017)",-2.34942609216488,1.96989167845961,-0.72944472010526,-0.908581814953551
2014,230000,"黑龙江省","Heilongjiang","Northeast","Early(2013-2017)",-2.13987972168858,1.50334605126276,-0.709711409286832,-0.159715509445009
2015,230000,"黑龙江省","Heilongjiang","Northeast","Early(2013-2017)",-1.68590979257786,0.986862612848432,-0.385403784271224,-0.212013323017023
2016,230000,"黑龙江省","Heilongjiang","Northeast","Early(2013-2017)",-1.77350155864906,0.856962995828849,0.0990631627320752,0.23178032982084
2017,230000,"黑龙江省","Heilongjiang","Northeast","Early(2013-2017)",-1.44959303112768,0.519629235437279,0.556689876833112,0.0425594430330982
2018,230000,"黑龙江省","Heilongjiang","Northeast","Late(2018-2022)",-1.39425372366364,0.318714107307015,0.9549982280983,-0.132911684265185
2019,230000,"黑龙江省","Heilongjiang","Northeast","Late(2018-2022)",-0.910776246028073,-0.00675579831518534,1.38673924561281,-0.500516499075907
2020,230000,"黑龙江省","Heilongjiang","Northeast","Late(2018-2022)",-0.715948843166825,-0.308677084296251,1.66680292826407,-0.580385808453054
2021,230000,"黑龙江省","Heilongjiang","Northeast","Late(2018-2022)",-1.05878235439667,-0.121823727093684,1.68448717125942,-0.39081411249355
2022,230000,"黑龙江省","Heilongjiang","Northeast","Late(2018-2022)",-0.94998913687682,-0.131161737231961,2.03582709131505,-0.783641266580123
2013,420000,"湖北省","Hubei","Central","Early(2013-2017)",-0.666758473249725,1.78823312269646,-1.97160138002276,-0.375786256392265
2014,420000,"湖北省","Hubei","Central","Early(2013-2017)",-0.0800798567363001,1.36441644374321,-1.90453821070227,0.036233768222837
2015,420000,"湖北省","Hubei","Central","Early(2013-2017)",0.87384837238884,0.769931527031723,-1.54498926781422,0.280423373554596
2016,420000,"湖北省","Hubei","Central","Early(2013-2017)",1.24337948982101,0.216057394523989,-1.28313614132618,0.750403612172785
2017,420000,"湖北省","Hubei","Central","Early(2013-2017)",1.70527373286763,0.0978995637181127,-1.03499812028527,0.566584854258109
2018,420000,"湖北省","Hubei","Central","Late(2018-2022)",2.238265409608,-0.201579937102239,-0.677540185057166,0.264027727180808
2019,420000,"湖北省","Hubei","Central","Late(2018-2022)",2.86637242365522,-0.548412813373439,-0.351485167071875,0.154840038826132
2020,420000,"湖北省","Hubei","Central","Late(2018-2022)",3.2520493338105,-0.688712033461491,-0.072367615672594,0.217401918075518
2021,420000,"湖北省","Hubei","Central","Late(2018-2022)",3.23517525729316,-0.778763025575023,0.09587602718167,0.569031769204923
2022,420000,"湖北省","Hubei","Central","Late(2018-2022)",3.5170216462883,-0.484932811959104,0.57376777360319,0.132621907580758
2013,430000,"湖南省","Hunan","Central","Early(2013-2017)",-1.1706885089144,2.32274078756457,-1.7348955134275,-0.371451264721668
2014,430000,"湖南省","Hunan","Central","Early(2013-2017)",-0.53945309372838,1.83162892474418,-1.64208108720492,0.0864346825455158
2015,430000,"湖南省","Hunan","Central","Early(2013-2017)",0.227003473220531,1.52479772426634,-1.31357126428118,0.306617149130456
2016,430000,"湖南省","Hunan","Central","Early(2013-2017)",0.810959732229286,1.14950171899799,-1.06956070789476,0.622990318672204
2017,430000,"湖南省","Hunan","Central","Early(2013-2017)",1.30567772379816,1.19965345294885,-0.34919281139608,0.314545672975488
2018,430000,"湖南省","Hunan","Central","Late(2018-2022)",1.63179003200527,0.88368841240026,-0.0521484146736422,-0.119784737223183
2019,430000,"湖南省","Hunan","Central","Late(2018-2022)",2.12891415002808,0.707766336734144,0.534155363743335,-0.500799557495213
2020,430000,"湖南省","Hunan","Central","Late(2018-2022)",2.48938495181471,0.40480922179107,0.830628781374223,-0.540165738002302
2021,430000,"湖南省","Hunan","Central","Late(2018-2022)",2.37800937399104,0.115220582589194,0.814381998093884,-0.0961647645682496
2022,430000,"湖南省","Hunan","Central","Late(2018-2022)",2.5765408333652,0.257081797631784,1.20152913861623,-0.348617866082642
2013,220000,"吉林省","Jilin","Northeast","Early(2013-2017)",-3.40004615773738,1.46269838197346,-1.53236280849993,-0.429746421448167
2014,220000,"吉林省","Jilin","Northeast","Early(2013-2017)",-2.85837594268295,0.984476540647104,-1.44496377853403,-0.338786028831731
2015,220000,"吉林省","Jilin","Northeast","Early(2013-2017)",-2.44512269916239,0.491993945225594,-1.00607660750887,-0.396626465117083
2016,220000,"吉林省","Jilin","Northeast","Early(2013-2017)",-2.19960068007554,0.241533117691012,-0.538446356419247,-0.563896277798044
2017,220000,"吉林省","Jilin","Northeast","Early(2013-2017)",-1.79482393002137,-0.032637601772342,-0.24779720205335,-0.660099087393316
2018,220000,"吉林省","Jilin","Northeast","Late(2018-2022)",-1.45132870036139,-0.185670267800456,0.256863448990787,-0.716373149485259
2019,220000,"吉林省","Jilin","Northeast","Late(2018-2022)",-1.22801240834476,-0.38354609571815,0.381896763690528,-1.07685164469873
2020,220000,"吉林省","Jilin","Northeast","Late(2018-2022)",-0.953954640313133,-0.384598568475109,0.563384859515166,-1.07563293374965
2021,220000,"吉林省","Jilin","Northeast","Late(2018-2022)",-1.3153368709464,-0.606441844591836,0.695510755374941,-0.786788534449044
2022,220000,"吉林省","Jilin","Northeast","Late(2018-2022)",-1.24565522942576,-0.70270947527158,1.06899708446114,-1.09012578483693
2013,320000,"江苏省","Jiangsu","East","Early(2013-2017)",3.35434583530789,1.83935653263376,-2.97348677366621,0.994147988497194
2014,320000,"江苏省","Jiangsu","East","Early(2013-2017)",3.86967066413056,1.75077965384595,-1.98711125437407,0.840266382851251
2015,320000,"江苏省","Jiangsu","East","Early(2013-2017)",4.56517898071858,1.37330626858637,-1.42884544208451,1.08110298099607
2016,320000,"江苏省","Jiangsu","East","Early(2013-2017)",4.95857856179362,1.45938485409436,-1.14175782134377,1.17586835262199
2017,320000,"江苏省","Jiangsu","East","Early(2013-2017)",5.44370786818442,1.44806003357897,-0.550676811984309,1.13224116768005
2018,320000,"江苏省","Jiangsu","East","Late(2018-2022)",5.9635011256959,1.04378209664169,-0.193185700858621,0.728062203800182
2019,320000,"江苏省","Jiangsu","East","Late(2018-2022)",6.56360168127247,0.746549726930172,0.393294657180251,0.751807065566297
2020,320000,"江苏省","Jiangsu","East","Late(2018-2022)",6.9599465490195,0.533625145006972,0.969156929019268,0.464019857761696
2021,320000,"江苏省","Jiangsu","East","Late(2018-2022)",6.77405128592654,0.207132261875802,1.25621934731805,0.634858802169532
2022,320000,"江苏省","Jiangsu","East","Late(2018-2022)",7.04943094670354,0.315604642122866,1.90128902840532,0.19723884063436
2013,360000,"江西省","Jiangxi","Central","Early(2013-2017)",-2.76524242311735,2.52971261161807,-2.86258910516745,-0.465715022878463
2014,360000,"江西省","Jiangxi","Central","Early(2013-2017)",-2.24261045960099,1.62545780884503,-2.38065928660799,0.0251415853252162
2015,360000,"江西省","Jiangxi","Central","Early(2013-2017)",-1.35389743357717,1.04517983298493,-1.86144436019257,0.0297318661532459
2016,360000,"江西省","Jiangxi","Central","Early(2013-2017)",-1.03759290101514,1.29701330582459,-1.3134666062356,-0.495498372759564
2017,360000,"江西省","Jiangxi","Central","Early(2013-2017)",-0.459296970657198,0.807090128340878,-0.853122406800905,-0.532771333379299
2018,360000,"江西省","Jiangxi","Central","Late(2018-2022)",0.231405155714439,0.647401446146576,-0.484395475978293,-0.89158592878809
2019,360000,"江西省","Jiangxi","Central","Late(2018-2022)",0.750091061220693,0.434907750686933,0.0168523500711427,-1.11677835166301
2020,360000,"江西省","Jiangxi","Central","Late(2018-2022)",1.16318184350915,0.134337557646157,0.323934851157874,-1.07887272715726
2021,360000,"江西省","Jiangxi","Central","Late(2018-2022)",0.878314632231698,-0.0905360645283407,0.457772300588832,-0.685106519671909
2022,360000,"江西省","Jiangxi","Central","Late(2018-2022)",1.01176607958936,-0.0490642791473834,0.937118667825411,-1.28434878594487
2013,210000,"辽宁省","Liaoning","Northeast","Early(2013-2017)",-0.81183896948401,1.78666931798835,-1.86397742901426,-1.08831877604448
2014,210000,"辽宁省","Liaoning","Northeast","Early(2013-2017)",-0.337614478963386,1.23909130831208,-1.76331327773722,-0.599629006185558
2015,210000,"辽宁省","Liaoning","Northeast","Early(2013-2017)",0.311272274063219,0.474899730011073,-1.31405109614403,-0.296771860924315
2016,210000,"辽宁省","Liaoning","Northeast","Early(2013-2017)",0.498257718214071,-0.00491255917258329,-1.10095476304828,0.143108647171462
2017,210000,"辽宁省","Liaoning","Northeast","Early(2013-2017)",0.847552119916205,-0.209114699980881,-0.70562853646635,-0.0109571457387386
2018,210000,"辽宁省","Liaoning","Northeast","Late(2018-2022)",1.15612170678856,-0.411773176525372,-0.351826829554824,-0.530697535032866
2019,210000,"辽宁省","Liaoning","Northeast","Late(2018-2022)",1.47048077745615,-0.642147084906767,0.0649624866956179,-0.751866226664863
2020,210000,"辽宁省","Liaoning","Northeast","Late(2018-2022)",1.66500376147002,-0.836659431439039,0.359816558903459,-1.01045048409129
2021,210000,"辽宁省","Liaoning","Northeast","Late(2018-2022)",1.33398015492879,-1.08764146366864,0.45909910314538,-0.69347731843766
2022,210000,"辽宁省","Liaoning","Northeast","Late(2018-2022)",1.51603971761396,-1.12055691363591,0.967485951823314,-1.07330541648155
2013,150000,"内蒙古自治区","Inner Mongolia","West","Early(2013-2017)",-4.21349354037091,2.03213256251589,-0.410589654809481,0.115877546185257
2014,150000,"内蒙古自治区","Inner Mongolia","West","Early(2013-2017)",-3.84220704657046,1.7078497842362,-0.0309452384476972,0.425066871219966
2015,150000,"内蒙古自治区","Inner Mongolia","West","Early(2013-2017)",-3.23261441331359,1.18728874075185,0.458762887787481,0.324364717400864
2016,150000,"内蒙古自治区","Inner Mongolia","West","Early(2013-2017)",-2.93451943736125,0.843846843751488,0.79184657393512,0.687780828528968
2017,150000,"内蒙古自治区","Inner Mongolia","West","Early(2013-2017)",-2.76893310384695,0.702829864858275,1.1591298878416,0.580096532814792
2018,150000,"内蒙古自治区","Inner Mongolia","West","Late(2018-2022)",-2.53939565390952,0.589594960758734,1.70587955193922,-0.0324381918866238
2019,150000,"内蒙古自治区","Inner Mongolia","West","Late(2018-2022)",-2.20484295326508,0.572329762941928,2.24678545789238,-0.570202217274993
2020,150000,"内蒙古自治区","Inner Mongolia","West","Late(2018-2022)",-1.80786587137783,0.183265593007152,2.23117575712717,-0.711719512044976
2021,150000,"内蒙古自治区","Inner Mongolia","West","Late(2018-2022)",-1.71479036868443,-0.282311218886989,2.02948594753521,-0.366582091353678
2022,150000,"内蒙古自治区","Inner Mongolia","West","Late(2018-2022)",-1.78813873388707,-0.0687987066119423,2.70783128688328,-0.747421409073877
2013,640000,"宁夏回族自治区","Ningxia","West","Early(2013-2017)",-6.54101446956993,0.908613516443022,-1.20658597707195,0.684384407133626
2014,640000,"宁夏回族自治区","Ningxia","West","Early(2013-2017)",-6.10055761545765,0.297373453821561,-1.02592893151055,0.739741655153915
2015,640000,"宁夏回族自治区","Ningxia","West","Early(2013-2017)",-5.69183681289323,-0.392757803934851,-0.493509600420624,0.687520714301774
2016,640000,"宁夏回族自治区","Ningxia","West","Early(2013-2017)",-5.37037495611368,-0.710335718165259,-0.375678780101135,0.685328262144008
2017,640000,"宁夏回族自治区","Ningxia","West","Early(2013-2017)",-4.97008022936129,-0.668578517226264,-0.0868737838052795,0.0430839329836225
2018,640000,"宁夏回族自治区","Ningxia","West","Late(2018-2022)",-4.53463116936837,-0.726632314257513,0.113796280806039,-0.32378391780068
2019,640000,"宁夏回族自治区","Ningxia","West","Late(2018-2022)",-4.32785657474158,-0.679901652697997,0.37733690883844,-0.829730350609536
2020,640000,"宁夏回族自治区","Ningxia","West","Late(2018-2022)",-4.11754399114188,-0.961961426843921,0.614480797502583,-0.842894467305499
2021,640000,"宁夏回族自治区","Ningxia","West","Late(2018-2022)",-4.25146112549747,-1.42886921733693,0.560271258570944,-0.43482148811546
2022,640000,"宁夏回族自治区","Ningxia","West","Late(2018-2022)",-4.09088354477928,-1.40433559778911,0.883199184098837,-0.927747786686104
2013,630000,"青海省","Qinghai","West","Early(2013-2017)",-7.89900541140656,1.20602606154942,0.0555430170430224,1.53998021124526
2014,630000,"青海省","Qinghai","West","Early(2013-2017)",-7.21497588618606,0.866984595764744,0.0539997738911207,1.59577295533166
2015,630000,"青海省","Qinghai","West","Early(2013-2017)",-6.27363482547993,-0.0256557504864475,0.388517831252445,1.42805557658753
2016,630000,"青海省","Qinghai","West","Early(2013-2017)",-6.14730517940138,-0.443537680537329,0.441159908681548,1.81872304647268
2017,630000,"青海省","Qinghai","West","Early(2013-2017)",-6.13270916296732,-0.302294097691695,0.922419736736561,1.40943485257016
2018,630000,"青海省","Qinghai","West","Late(2018-2022)",-5.7302344772924,-0.515518154525723,1.34695756884651,0.836421109650629
2019,630000,"青海省","Qinghai","West","Late(2018-2022)",-5.37409022662656,-0.723247711877779,1.79322637861028,0.30049505017887
2020,630000,"青海省","Qinghai","West","Late(2018-2022)",-5.02390415334231,-0.933598139922922,2.01476694903552,0.226976843524776
2021,630000,"青海省","Qinghai","West","Late(2018-2022)",-5.26556275237972,-1.53394696348495,1.92425984955895,0.549129543869713
2022,630000,"青海省","Qinghai","West","Late(2018-2022)",-5.2185534162855,-1.5324922613141,2.35965081429379,0.296793753968242
2013,370000,"山东省","Shandong","East","Early(2013-2017)",2.00683947331597,2.75479336715859,-2.00150279168218,-0.29607733957015
2014,370000,"山东省","Shandong","East","Early(2013-2017)",2.76082644300929,2.51213735495899,-1.9304553321848,0.133246137428374
2015,370000,"山东省","Shandong","East","Early(2013-2017)",3.42314274543714,2.22203383243897,-1.35375527691295,0.368299089865322
2016,370000,"山东省","Shandong","East","Early(2013-2017)",4.07012346906276,1.84453986317473,-0.917576227888039,0.917863075501324
2017,370000,"山东省","Shandong","East","Early(2013-2017)",4.66052370636876,1.8466420181924,-0.287867560193675,0.852406076077476
2018,370000,"山东省","Shandong","East","Late(2018-2022)",5.16182133574025,0.982013057003532,0.173607512023843,0.923087244632625
2019,370000,"山东省","Shandong","East","Late(2018-2022)",5.58231872540319,0.925540538038388,0.896479305609561,0.878671557816271
2020,370000,"山东省","Shandong","East","Late(2018-2022)",6.04757486250915,0.722805067007492,1.20670998808853,0.64243766140397
2021,370000,"山东省","Shandong","East","Late(2018-2022)",6.22567017030843,0.217055399361246,1.289871417662,0.865925447476921
2022,370000,"山东省","Shandong","East","Late(2018-2022)",6.54697309040783,0.51414582748174,1.72160800088456,0.527569987239824
2013,140000,"山西省","Shanxi","Central","Early(2013-2017)",-3.44479744739345,2.29624409332584,-1.05058468785034,-0.717920821247996
2014,140000,"山西省","Shanxi","Central","Early(2013-2017)",-3.03519567353251,1.67262738582384,-0.921936309420196,-0.489566590326775
2015,140000,"山西省","Shanxi","Central","Early(2013-2017)",-2.51872815195704,1.19009062395442,-0.540753042069556,-0.430193735107121
2016,140000,"山西省","Shanxi","Central","Early(2013-2017)",-2.24345204457755,0.896298698008728,-0.192483221311244,-0.260148674659963
2017,140000,"山西省","Shanxi","Central","Early(2013-2017)",-1.7534542678012,0.973235943802937,0.25743292913595,-0.693383154937705
2018,140000,"山西省","Shanxi","Central","Late(2018-2022)",-1.05473742603911,0.749729765792922,0.469973225023953,-1.30995899371948
2019,140000,"山西省","Shanxi","Central","Late(2018-2022)",-0.762858991824825,0.664757514211666,1.0120703012728,-1.6898583995865
2020,140000,"山西省","Shanxi","Central","Late(2018-2022)",-0.25606989951755,0.59851049165342,1.29218692618892,-1.91065348156916
2021,140000,"山西省","Shanxi","Central","Late(2018-2022)",-0.475879484639499,0.498608020267715,1.45957968755382,-1.70645132790315
2022,140000,"山西省","Shanxi","Central","Late(2018-2022)",-0.363552561058598,0.517563888762024,1.84797242819342,-2.03472793358276
2013,610000,"陕西省","Shaanxi","West","Early(2013-2017)",-1.75755669500693,1.22616976217091,-1.78287820307197,-0.0335053839265813
2014,610000,"陕西省","Shaanxi","West","Early(2013-2017)",-1.14600231039417,0.595445902703468,-1.72920669729095,0.302889777280391
2015,610000,"陕西省","Shaanxi","West","Early(2013-2017)",-0.551080049788128,0.092397210531569,-1.31598300917278,0.338388311547526
2016,610000,"陕西省","Shaanxi","West","Early(2013-2017)",0.0905933143367158,-0.484927470162087,-0.895683567399377,0.649674504295616
2017,610000,"陕西省","Shaanxi","West","Early(2013-2017)",0.492097978193467,-0.65642068285493,-0.465458283345578,0.458240708656081
2018,610000,"陕西省","Shaanxi","West","Late(2018-2022)",0.966744268650903,-0.933660021176213,-0.15189319892758,0.0666648740415858
2019,610000,"陕西省","Shaanxi","West","Late(2018-2022)",1.46918044670692,-1.08557585265491,0.308802740286131,-0.243439940372196
2020,610000,"陕西省","Shaanxi","West","Late(2018-2022)",1.85357630125112,-1.24160217877851,0.800801430901855,-0.201173041937471
2021,610000,"陕西省","Shaanxi","West","Late(2018-2022)",1.73614572875227,-1.40437003430321,0.871558443109577,0.273382895474938
2022,610000,"陕西省","Shaanxi","West","Late(2018-2022)",1.73801294688776,-1.14057633248719,1.43719851217053,-0.0115244414089805
2013,310000,"上海市","Shanghai","East","Early(2013-2017)",0.432906080341837,-1.99217052238277,-2.85383921990709,0.133157828447463
2014,310000,"上海市","Shanghai","East","Early(2013-2017)",0.987947144989312,-2.64206107356324,-2.75536201576562,0.346864135018488
2015,310000,"上海市","Shanghai","East","Early(2013-2017)",1.55031721825129,-3.31154752392144,-2.5288793609657,0.555464571452911
2016,310000,"上海市","Shanghai","East","Early(2013-2017)",1.3461483305053,-3.45195379900543,-2.30961454012538,0.504464482778827
2017,310000,"上海市","Shanghai","East","Early(2013-2017)",1.95401586175048,-3.7069204250945,-2.05314160046451,0.285158911988711
2018,310000,"上海市","Shanghai","East","Late(2018-2022)",2.13532875224497,-3.93044389724639,-1.5462656922739,-0.218103237852482
2019,310000,"上海市","Shanghai","East","Late(2018-2022)",2.47785686228384,-4.1198452496171,-0.96440073171668,-0.569338892473079
2020,310000,"上海市","Shanghai","East","Late(2018-2022)",3.02398010687966,-4.19924337612959,-0.570629799710052,-0.766994234643995
2021,310000,"上海市","Shanghai","East","Late(2018-2022)",3.05009933590732,-4.50094021780839,-0.55197000423814,-0.486758757309379
2022,310000,"上海市","Shanghai","East","Late(2018-2022)",3.23191004260888,-4.66562575325316,-0.23084886619907,-0.653404296398652
2013,510000,"四川省","Sichuan","West","Early(2013-2017)",0.247832028959751,2.15151099726506,-1.38929412520788,0.559552751970581
2014,510000,"四川省","Sichuan","West","Early(2013-2017)",1.09011088166613,1.63670910577403,-1.19382474773969,1.01530586423453
2015,510000,"四川省","Sichuan","West","Early(2013-2017)",1.87468002571648,0.917163236276317,-0.522668706452816,1.32260439316341
2016,510000,"四川省","Sichuan","West","Early(2013-2017)",2.39483484231904,0.471013544318422,-0.253908102501454,1.81423416626429
2017,510000,"四川省","Sichuan","West","Early(2013-2017)",3.02543065500918,0.612348809508895,0.286578297542625,1.63736994153872
2018,510000,"四川省","Sichuan","West","Late(2018-2022)",3.68483738359139,0.775804399208674,0.791183697934048,1.32467480999915
2019,510000,"四川省","Sichuan","West","Late(2018-2022)",4.22616120840804,1.46726310734313,2.2372747583469,2.230668431372
2020,510000,"四川省","Sichuan","West","Late(2018-2022)",4.65152567809142,1.3288879859609,3.04566039859341,1.76552217460013
2021,510000,"四川省","Sichuan","West","Late(2018-2022)",4.50766330900714,1.1066202557902,3.19955874171719,2.14129663228585
2022,510000,"四川省","Sichuan","West","Late(2018-2022)",4.56556199791508,0.277630487660134,2.27269745068061,0.790296217845621
2013,120000,"天津市","Tianjin","East","Early(2013-2017)",-2.57965526173223,-0.273506407771507,-2.02592556688232,-0.931269970890701
2014,120000,"天津市","Tianjin","East","Early(2013-2017)",-2.14935884329715,-0.737938119455523,-1.90650622130018,-0.910481125849576
2015,120000,"天津市","Tianjin","East","Early(2013-2017)",-1.45509143459327,-1.28250130878733,-1.74219435217952,-0.975415294543082
2016,120000,"天津市","Tianjin","East","Early(2013-2017)",-1.30168003720208,-1.458959688622,-1.59313018786937,-0.909300047676206
2017,120000,"天津市","Tianjin","East","Early(2013-2017)",-1.16852806938512,-1.68419812552042,-1.22627439248916,-1.07860646503847
2018,120000,"天津市","Tianjin","East","Late(2018-2022)",-0.842283321855048,-1.91491636356212,-0.780408994887219,-1.55081904741142
2019,120000,"天津市","Tianjin","East","Late(2018-2022)",-0.525236798815696,-2.07299803891179,-0.317236629847881,-1.81698070224607
2020,120000,"天津市","Tianjin","East","Late(2018-2022)",-0.202491927372014,-2.2621808028135,0.0223258544843677,-2.1288147786917
2021,120000,"天津市","Tianjin","East","Late(2018-2022)",-0.350801761076558,-2.65194835363501,0.0404518652243147,-1.82250650816194
2022,120000,"天津市","Tianjin","East","Late(2018-2022)",-0.364923121285467,-2.59951327433583,0.507074518084609,-2.15555545455544
2013,540000,"西藏自治区","Tibet","West","Early(2013-2017)",-10.2427957341781,0.671389896157649,1.16262856577055,3.24913418092424
2014,540000,"西藏自治区","Tibet","West","Early(2013-2017)",-8.90381024571559,-0.232709301222903,0.702059179387736,3.51402268210086
2015,540000,"西藏自治区","Tibet","West","Early(2013-2017)",-9.31920262302552,-1.12439403421639,1.04268139247493,4.74165327364387
2016,540000,"西藏自治区","Tibet","West","Early(2013-2017)",-8.87492730723394,-2.16113673108158,0.929455230130954,5.49413874865855
2017,540000,"西藏自治区","Tibet","West","Early(2013-2017)",-7.60240133438139,-1.75404514863595,1.09002229560507,3.49996500296581
2018,540000,"西藏自治区","Tibet","West","Late(2018-2022)",-6.95431716818403,-1.29849929953133,1.28240896388503,2.34685318440413
2019,540000,"西藏自治区","Tibet","West","Late(2018-2022)",-6.33922038483946,-1.56055565153453,1.16543453915102,2.37768909576243
2020,540000,"西藏自治区","Tibet","West","Late(2018-2022)",-6.38129824368822,-1.72625373453157,2.15257955601789,1.48651926208353
2021,540000,"西藏自治区","Tibet","West","Late(2018-2022)",-6.67185929810003,-2.06551294906442,2.38842890681628,1.86344048898385
2022,540000,"西藏自治区","Tibet","West","Late(2018-2022)",-6.3710734892062,-1.96770172280479,2.40913155464216,1.32538803532725
2013,650000,"新疆维吾尔自治区","Xinjiang","West","Early(2013-2017)",-5.13905285524035,2.01256507329061,-0.170326873644924,-0.340057771191767
2014,650000,"新疆维吾尔自治区","Xinjiang","West","Early(2013-2017)",-4.42788621199557,1.49713094792242,-0.00769909468672011,-0.629471904984191
2015,650000,"新疆维吾尔自治区","Xinjiang","West","Early(2013-2017)",-3.90395308509961,1.09389292271949,0.440186339775077,-0.901349598314356
2016,650000,"新疆维吾尔自治区","Xinjiang","West","Early(2013-2017)",-3.79179440669447,0.956710834804153,0.759557170192177,-0.809769475576396
2017,650000,"新疆维吾尔自治区","Xinjiang","West","Early(2013-2017)",-3.67029113190227,1.02329209475614,1.39533599255513,-1.08314449932792
2018,650000,"新疆维吾尔自治区","Xinjiang","West","Late(2018-2022)",-3.15901974525359,0.754270566006568,1.58861473401439,-1.20181708132977
2019,650000,"新疆维吾尔自治区","Xinjiang","West","Late(2018-2022)",-2.78745123207955,0.683181811214627,2.20988310201123,-1.48652390262999
2020,650000,"新疆维吾尔自治区","Xinjiang","West","Late(2018-2022)",-2.49881217037716,0.518254497620995,2.49688277751528,-1.64513756870403
2021,650000,"新疆维吾尔自治区","Xinjiang","West","Late(2018-2022)",-2.50186635679646,0.326985461153979,2.45542288519663,-1.26785094372972
2022,650000,"新疆维吾尔自治区","Xinjiang","West","Late(2018-2022)",-2.32166196730583,0.197677522194562,2.76087404222153,-1.58052786337454
2013,530000,"云南省","Yunnan","West","Early(2013-2017)",-3.17921218078146,1.55949300061796,-0.676672399668781,-0.0720400230011535
2014,530000,"云南省","Yunnan","West","Early(2013-2017)",-2.69964431766203,1.27645792164562,-0.396456281842529,0.0224411862164242
2015,530000,"云南省","Yunnan","West","Early(2013-2017)",-2.03493889470566,0.84730073463193,0.0913819329127818,0.225675972886809
2016,530000,"云南省","Yunnan","West","Early(2013-2017)",-1.7274339501718,0.394391773432882,0.584542017012901,0.531324264469971
2017,530000,"云南省","Yunnan","West","Early(2013-2017)",-1.23813564723362,0.390286502057877,0.842196914357351,0.213452808733597
2018,530000,"云南省","Yunnan","West","Late(2018-2022)",-0.716369041473936,0.440273356200795,1.23871202099399,-0.371062636083056
2019,530000,"云南省","Yunnan","West","Late(2018-2022)",-0.203757638220766,0.0566349464210049,1.61169184249376,-0.646643621322118
2020,530000,"云南省","Yunnan","West","Late(2018-2022)",0.270703902270894,0.0495275677978522,2.10824590032243,-0.573413248680521
2021,530000,"云南省","Yunnan","West","Late(2018-2022)",-0.0312934394185633,-0.0763470306954433,2.23995795845749,-0.13676807561026
2022,530000,"云南省","Yunnan","West","Late(2018-2022)",0.043645641914079,0.267535317309488,2.75513018047593,-0.552493790999914
2013,330000,"浙江省","Zhejiang","East","Early(2013-2017)",2.30207369417118,0.858245373856718,-2.38699927331725,0.506010976015449
2014,330000,"浙江省","Zhejiang","East","Early(2013-2017)",2.80999488121131,0.740249298846935,-2.00281699849643,0.500265400707099
2015,330000,"浙江省","Zhejiang","East","Early(2013-2017)",3.81207279751707,0.529874139146225,-1.27018759250579,0.448889658767355
2016,330000,"浙江省","Zhejiang","East","Early(2013-2017)",4.25514573624507,0.107689799316612,-1.10255365416535,0.644606955150301
2017,330000,"浙江省","Zhejiang","East","Early(2013-2017)",4.64663871806814,0.0332906819785229,-0.564493986209054,0.416012046888357
2018,330000,"浙江省","Zhejiang","East","Late(2018-2022)",5.01573269665936,-0.0359203059540183,-0.110733116188653,-0.0516899107559287
2019,330000,"浙江省","Zhejiang","East","Late(2018-2022)",5.5469771977715,-0.289652052459441,0.669858398592241,-0.382379271810694
2020,330000,"浙江省","Zhejiang","East","Late(2018-2022)",5.80698214751252,-0.660124554624563,1.00656607468807,-0.477228088381475
2021,330000,"浙江省","Zhejiang","East","Late(2018-2022)",5.75654641893995,-0.848177252817543,1.11474751012468,-0.112766234037034
2022,330000,"浙江省","Zhejiang","East","Late(2018-2022)",6.01785251205368,-0.765101245544895,1.54442857830859,-0.320323535256748
2013,5e+05,"重庆市","Chongqing","West","Early(2013-2017)",-2.49094506025532,1.13722082205155,-2.11781848676902,-1.24571160608897
2014,5e+05,"重庆市","Chongqing","West","Early(2013-2017)",-1.83936857294086,0.681522375448301,-1.92127172852356,-1.12942065476943
2015,5e+05,"重庆市","Chongqing","West","Early(2013-2017)",-1.18120832250087,0.260841553129113,-1.52058950146079,-1.21648276576913
2016,5e+05,"重庆市","Chongqing","West","Early(2013-2017)",-0.753282730503208,-0.183405695838864,-1.41783812698194,-0.857232338006713
2017,5e+05,"重庆市","Chongqing","West","Early(2013-2017)",-0.382977009937089,-0.389200139715263,-1.02003665405607,-1.01750892241938
2018,5e+05,"重庆市","Chongqing","West","Late(2018-2022)",0.185716114818713,-0.656291648329958,-0.780769257252604,-1.0675627512122
2019,5e+05,"重庆市","Chongqing","West","Late(2018-2022)",0.679934346074809,-0.926238730022558,-0.384580678018244,-1.2728530295656
2020,5e+05,"重庆市","Chongqing","West","Late(2018-2022)",1.20768785780535,-1.40323217860509,-0.255095021618158,-1.23523717375654
2021,5e+05,"重庆市","Chongqing","West","Late(2018-2022)",1.0025371005504,-1.62840984552603,-0.202858695270406,-0.879270561702021
2022,5e+05,"重庆市","Chongqing","West","Late(2018-2022)",1.22914809310118,-1.64529449902364,0.132579646366758,-1.14797393807876
